{"cameraMode":{"drawMode":0,"name":"Shaded","section":"Shading Mode"},"sceneLighting":true,"audioPlay":false,"sceneViewState":{"m_AlwaysRefresh":false,"showFog":true,"showSkybox":true,"showFlares":true,"showImageEffects":true,"showParticleSystems":true,"showVisualEffectGraphs":true,"m_FxEnabled":true},"in2DMode":false,"pivot":{"x":-79.78531646728516,"y":0.8812450170516968,"z":58.49524688720703},"rotation":{"x":0.002462312113493681,"y":0.9975353479385376,"z":-0.049730099737644199,"w":0.04971731826663017},"size":8.108735084533692,"orthographic":false}